slug,template_key,headline,subheadline,brand_name,phone,call_extension,discount_amount,counties_state,main_city,cities_json,review1_name,review1_text,review2_name,review2_text,logo_path,hero_contact_image,section2_image,why_choose_image,ba1,ba2,ba3,ba4,ba5,ba6,whatconverts_script,color_section_bg,color_cta_red,color_cta_green,form_action_url,created_iso
altamonte-springs,window_cleaning,Altamonte Springs Window Clean,"$25 Off Window Cleaning

Get $25 off window cleaning services. Book your estimate now for savings!",Tropical Window Cleaning,(407) 734-9076,(407) 734-9076,25,Central Florida,Altamonte Springs,[],,,,,,,,,,,,,,,,,,,https://lp.windowclean-pros.com/tropical-home-and-commercial-services/city/?dki=altamonte+springs,2026-03-25T02:42:14.381Z
apopka,window_cleaning,Apopka Window Cleaning,"$25 Off Window Cleaning

Get $25 off window cleaning services. Book your estimate now for savings!",Tropical Window Cleaning,(407) 734-9076,(407) 734-9076,25,Central Florida,Apopka,[],,,,,,,,,,,,,,,,,,,https://lp.windowclean-pros.com/tropical-home-and-commercial-services/city/?dki=apopka,2026-03-25T02:42:14.381Z
casselberry,window_cleaning,Casselberry Window Cleaning,"$25 Off Window Cleaning

Get $25 off window cleaning services. Book your estimate now for savings!",Tropical Window Cleaning,(407) 734-9076,(407) 734-9076,25,Central Florida,Casselberry,[],,,,,,,,,,,,,,,,,,,https://lp.windowclean-pros.com/tropical-home-and-commercial-services/city/?dki=casselberry,2026-03-25T02:42:14.381Z
default,window_cleaning,Local Window Cleaning Services,"$25 Off Window Cleaning

Get $25 off window cleaning services. Book your estimate now for savings!",Tropical Window Cleaning,(407) 734-9076,(407) 734-9076,25,Central Florida,,[],,,,,,,,,,,,,,,,,,,https://lp.windowclean-pros.com/tropical-home-and-commercial-services,2026-03-25T02:42:14.380Z
kissimmee,window_cleaning,Kissimmee Window Cleaning,"$25 Off Window Cleaning

Get $25 off window cleaning services. Book your estimate now for savings!",Tropical Window Cleaning,(407) 734-9076,(407) 734-9076,25,Central Florida,Kissimmee,[],,,,,,,,,,,,,,,,,,,https://lp.windowclean-pros.com/tropical-home-and-commercial-services/city/?dki=kissimmee,2026-03-25T02:42:14.381Z
lake-mary,window_cleaning,Lake Mary Window Cleaning,"$25 Off Window Cleaning

Get $25 off window cleaning services. Book your estimate now for savings!",Tropical Window Cleaning,(407) 734-9076,(407) 734-9076,25,Central Florida,Lake Mary,[],,,,,,,,,,,,,,,,,,,https://lp.windowclean-pros.com/tropical-home-and-commercial-services/city/?dki=lake+mary,2026-03-25T02:42:14.381Z
longwood,window_cleaning,Longwood Window Cleaning,"$25 Off Window Cleaning

Get $25 off window cleaning services. Book your estimate now for savings!",Tropical Window Cleaning,(407) 734-9076,(407) 734-9076,25,Central Florida,Longwood,[],,,,,,,,,,,,,,,,,,,https://lp.windowclean-pros.com/tropical-home-and-commercial-services/city/?dki=longwood,2026-03-25T02:42:14.381Z
maitland,window_cleaning,Maitland Window Cleaning,"$25 Off Window Cleaning

Get $25 off window cleaning services. Book your estimate now for savings!",Tropical Window Cleaning,(407) 734-9076,(407) 734-9076,25,Central Florida,Maitland,[],,,,,,,,,,,,,,,,,,,https://lp.windowclean-pros.com/tropical-home-and-commercial-services/city/?dki=maitland,2026-03-25T02:42:14.381Z
ocoee,window_cleaning,Ocoee Window Cleaning,"$25 Off Window Cleaning

Get $25 off window cleaning services. Book your estimate now for savings!",Tropical Window Cleaning,(407) 734-9076,(407) 734-9076,25,Central Florida,Ocoee,[],,,,,,,,,,,,,,,,,,,https://lp.windowclean-pros.com/tropical-home-and-commercial-services/city/?dki=ocoee,2026-03-25T02:42:14.381Z
orlando,window_cleaning,Orlando Window Cleaning,"$25 Off Window Cleaning

Get $25 off window cleaning services. Book your estimate now for savings!",Tropical Window Cleaning,(407) 734-9076,(407) 734-9076,25,Central Florida,Orlando,[],,,,,,,,,,,,,,,,,,,https://lp.windowclean-pros.com/tropical-home-and-commercial-services/city/?dki=orlando,2026-03-25T02:42:14.380Z
oviedo,window_cleaning,Oviedo Window Cleaning,"$25 Off Window Cleaning

Get $25 off window cleaning services. Book your estimate now for savings!",Tropical Window Cleaning,(407) 734-9076,(407) 734-9076,25,Central Florida,Oviedo,[],,,,,,,,,,,,,,,,,,,https://lp.windowclean-pros.com/tropical-home-and-commercial-services/city/?dki=oviedo,2026-03-25T02:42:14.381Z
pine-hills,window_cleaning,Pine Hills Window Cleaning,"$25 Off Window Cleaning

Get $25 off window cleaning services. Book your estimate now for savings!",Tropical Window Cleaning,(407) 734-9076,(407) 734-9076,25,Central Florida,Pine Hills,[],,,,,,,,,,,,,,,,,,,https://lp.windowclean-pros.com/tropical-home-and-commercial-services/city/?dki=pine+hills,2026-03-25T02:42:14.381Z
sanford,window_cleaning,Sanford Window Cleaning,"$25 Off Window Cleaning

Get $25 off window cleaning services. Book your estimate now for savings!",Tropical Window Cleaning,(407) 734-9076,(407) 734-9076,25,Central Florida,Sanford,[],,,,,,,,,,,,,,,,,,,https://lp.windowclean-pros.com/tropical-home-and-commercial-services/city/?dki=sanford,2026-03-25T02:42:14.381Z
test-pressure-washing,pressure_washing,,,test,4224422442,4224422442,75,,test,[],,,,,,,,,,,,,,,,#071a30,#c62828,#2e7d32,#,2026-03-25T02:32:02.178Z
winter-garden,window_cleaning,Winter Garden Window Cleaning,"$25 Off Window Cleaning

Get $25 off window cleaning services. Book your estimate now for savings!",Tropical Window Cleaning,(407) 734-9076,(407) 734-9076,25,Central Florida,Winter Garden,[],,,,,,,,,,,,,,,,,,,https://lp.windowclean-pros.com/tropical-home-and-commercial-services/city/?dki=winter+garden,2026-03-25T02:42:14.381Z
winter-springs,window_cleaning,Winter Springs Window Cleaning,"$25 Off Window Cleaning

Get $25 off window cleaning services. Book your estimate now for savings!",Tropical Window Cleaning,(407) 734-9076,(407) 734-9076,25,Central Florida,Winter Springs,[],,,,,,,,,,,,,,,,,,,https://lp.windowclean-pros.com/tropical-home-and-commercial-services/city/?dki=winter+springs,2026-03-25T02:42:14.381Z
